layer,head,spearman_cv
15,9,0.8200116157531738
16,5,0.8173765540122986
17,9,0.8147528171539307
16,7,0.8065932393074036
15,11,0.8053323030471802
17,3,0.8023692965507507
17,10,0.7961492538452148
17,4,0.7911166548728943
17,11,0.7846590876579285
15,10,0.7802655100822449
12,31,0.7788687944412231
17,2,0.7786482572555542
14,19,0.7772120237350464
11,23,0.7765617370605469
10,17,0.7757079005241394
19,16,0.7750745415687561
10,20,0.7746900320053101
16,8,0.7743168473243713
15,12,0.7738927602767944
14,12,0.7735308408737183
10,27,0.7729597687721252
17,12,0.7710089087486267
12,17,0.7644721865653992
12,30,0.7614809274673462
9,22,0.7595188021659851
25,25,0.7539659738540649
13,24,0.7533892393112183
17,1,0.7526767253875732
14,20,0.7518059611320496
10,16,0.7517833113670349
19,15,0.7485941052436829
12,20,0.7465132474899292
10,18,0.7460100054740906
32,28,0.7446302771568298
24,20,0.7413562536239624
12,19,0.7413166761398315
19,13,0.7401574850082397
16,30,0.7399199604988098
24,7,0.738172709941864
29,9,0.7371774911880493
13,23,0.7369117736816406
10,19,0.7363406419754028
14,18,0.7361031174659729
27,28,0.7352266907691956
19,14,0.7339035272598267
14,25,0.7329704761505127
22,22,0.7311497330665588
12,18,0.731002688407898
31,29,0.7295098900794983
10,24,0.7291988730430603
11,24,0.7277965545654297
10,28,0.7265355587005615
15,1,0.725975751876831
14,17,0.7225490808486938
13,28,0.7206491231918335
24,23,0.7204682230949402
28,3,0.7201685309410095
17,25,0.7186587452888489
10,15,0.7185682654380798
25,23,0.7177879214286804
18,7,0.717703104019165
22,24,0.7169454097747803
18,3,0.716312050819397
25,24,0.7162442207336426
13,21,0.7160236835479736
14,4,0.7157918810844421
16,29,0.7153451442718506
27,25,0.7144856452941895
16,10,0.7140841484069824
32,27,0.7108950018882751
17,32,0.7099789381027222
20,32,0.7098884582519531
25,28,0.7095661759376526
26,9,0.7088989019393921
24,4,0.7086783647537231
26,1,0.7081694602966309
10,3,0.7072760462760925
20,30,0.7068858742713928
8,32,0.7065579295158386
26,4,0.7064561247825623
8,14,0.7062525749206543
14,11,0.7060546278953552
12,29,0.7054835557937622
20,15,0.7052347660064697
20,31,0.7050424814224243
24,17,0.7050198912620544
14,26,0.704533576965332
16,6,0.7040925025939941
31,20,0.7034761309623718
32,26,0.7034309506416321
10,13,0.7028937339782715
14,2,0.7022151947021484
12,32,0.7010842561721802
8,16,0.7007167339324951
25,21,0.700648844242096
10,23,0.6968603134155273
32,14,0.6958481073379517
18,1,0.6944740414619446
18,5,0.6942082643508911
31,30,0.6936993598937988
30,31,0.6936654448509216
26,23,0.6930094957351685
18,4,0.6926363110542297
29,28,0.6915280222892761
23,24,0.6907759308815002
12,21,0.690578043460846
26,3,0.6903857588768005
26,2,0.6899051666259766
13,26,0.6896733045578003
19,12,0.6889777779579163
28,29,0.6888986229896545
11,31,0.6881521940231323
14,27,0.6881239414215088
25,29,0.6848838925361633
13,25,0.6847877502441406
27,21,0.6843693256378174
30,26,0.6839678287506104
32,10,0.6830178499221802
30,29,0.6825655102729797
28,18,0.6822318434715271
15,4,0.6821866035461426
32,21,0.6821696758270264
16,11,0.6806994676589966
12,7,0.6804111003875732
15,26,0.6800661683082581
30,32,0.6798965334892273
29,11,0.6795629262924194
11,32,0.6794102191925049
22,28,0.6788504123687744
8,12,0.6787430047988892
18,25,0.6781266331672668
15,2,0.6780135631561279
15,28,0.6779344081878662
32,22,0.6762097477912903
23,23,0.6760966181755066
24,12,0.6755198836326599
32,12,0.6750392317771912
17,28,0.6745076775550842
17,6,0.6744398474693298
17,5,0.6742362976074219
30,1,0.6736481785774231
25,22,0.6724777221679688
27,3,0.6724494099617004
26,15,0.6723193526268005
11,30,0.6723136901855469
10,5,0.6722797751426697
9,24,0.6715220808982849
25,5,0.6708548069000244
27,16,0.6700801253318787
11,29,0.669870913028717
30,17,0.6695090532302856
24,10,0.6686156392097473
16,28,0.668587327003479
18,15,0.6679257750511169
14,9,0.6672359108924866
11,22,0.6665799617767334
31,11,0.6657034754753113
20,16,0.6647818088531494
25,9,0.6643633842468262
19,10,0.6637922525405884
20,3,0.6633455157279968
27,26,0.6621410846710205
10,14,0.6605013012886047
12,16,0.6604390740394592
28,8,0.6575722098350525
19,18,0.6575665473937988
14,22,0.6574421525001526
30,28,0.656995415687561
18,16,0.6569501757621765
23,20,0.6556270122528076
14,1,0.6552764177322388
26,26,0.6548579931259155
27,24,0.6547335982322693
29,5,0.6545130610466003
19,5,0.6542472839355469
16,2,0.6541794538497925
18,8,0.6541285514831543
28,10,0.6533934473991394
14,13,0.65272057056427
18,2,0.6525848507881165
16,17,0.6521041989326477
18,26,0.6512446999549866
24,1,0.6504926681518555
32,23,0.6503795385360718
10,22,0.6501759886741638
27,32,0.6474674344062805
26,5,0.6469641923904419
21,20,0.6457880139350891
26,19,0.6457654237747192
26,10,0.6447588801383972
31,32,0.6441934704780579
19,22,0.6436053514480591
15,21,0.6432151794433594
20,1,0.6429494619369507
30,30,0.6426553726196289
13,27,0.6425140500068665
27,29,0.6424574851989746
20,27,0.6420616507530212
14,16,0.6420220732688904
30,20,0.6418750882148743
12,13,0.641349196434021
30,14,0.6413096189498901
13,9,0.6409363746643066
12,10,0.6408685445785522
31,17,0.6402917504310608
28,15,0.6401730179786682
29,14,0.640048623085022
25,31,0.6390364766120911
32,15,0.6385558247566223
17,31,0.6381882429122925
16,26,0.6380186080932617
29,12,0.6378998756408691
19,19,0.637130856513977
32,8,0.6366502046585083
17,7,0.6365767121315002
30,18,0.6361978650093079
29,22,0.6360112428665161
21,1,0.635847270488739
13,30,0.6356549859046936
31,15,0.6350047588348389
12,26,0.6347898840904236
18,12,0.6343205571174622
19,9,0.6334893107414246
29,29,0.6327033042907715
23,14,0.6321943998336792
16,18,0.6320191025733948
23,18,0.6319173574447632
12,24,0.6315327882766724
31,31,0.6313858032226562
31,10,0.630345344543457
10,4,0.6300739049911499
10,6,0.6295141577720642
28,31,0.6287111639976501
29,13,0.626364529132843
24,27,0.6258442997932434
24,8,0.6256237626075745
13,11,0.6248547434806824
15,25,0.6247416734695435
30,3,0.6242610216140747
14,3,0.6241083145141602
21,2,0.6232771277427673
25,18,0.6230791807174683
25,27,0.6226098537445068
23,16,0.6225759387016296
28,25,0.6222253441810608
30,25,0.6221122741699219
31,22,0.6216202974319458
24,3,0.6212357878684998
15,27,0.6209360957145691
19,7,0.6207777857780457
16,1,0.6205572485923767
21,26,0.6202632188796997
29,7,0.620257556438446
18,11,0.6201331615447998
24,11,0.6200257539749146
13,31,0.61998051404953
31,21,0.6187760829925537
12,12,0.6183463335037231
15,24,0.6174246072769165
15,22,0.6173228621482849
20,24,0.6171249151229858
22,15,0.6154511570930481
30,16,0.6150440573692322
32,25,0.614902675151825
26,11,0.6146368980407715
19,11,0.6146143078804016
11,19,0.6145407557487488
16,32,0.6144390106201172
24,25,0.613800048828125
10,25,0.6132967472076416
28,19,0.613161027431488
22,21,0.6128953099250793
16,4,0.6123467683792114
18,18,0.6122902631759644
19,6,0.610887885093689
9,9,0.61077481508255
12,2,0.6107069849967957
24,22,0.6104129552841187
18,14,0.6097570061683655
26,29,0.6090105772018433
20,14,0.6090049147605896
30,15,0.608281135559082
21,25,0.6080719232559204
12,5,0.6067317724227905
23,12,0.606686532497406
10,7,0.6055047512054443
9,21,0.604611337184906
20,21,0.6045321822166443
30,9,0.6040741205215454
16,20,0.6040684580802917
12,6,0.6033616662025452
17,16,0.6029884219169617
24,6,0.6024569272994995
9,15,0.602100670337677
11,9,0.6018462181091309
22,23,0.6010206341743469
17,14,0.6008736491203308
29,6,0.5994712710380554
22,16,0.5981311798095703
14,14,0.5978654026985168
11,18,0.5972716808319092
18,28,0.5966439843177795
31,13,0.5959145426750183
14,15,0.5958636403083801
29,15,0.5945631265640259
27,27,0.5942238569259644
17,15,0.5933247804641724
27,31,0.5915322303771973
9,17,0.5914134979248047
21,28,0.5900733470916748
24,28,0.5881734490394592
16,9,0.5879359245300293
12,22,0.5879020094871521
32,11,0.5853970050811768
26,8,0.5846110582351685
17,24,0.5840060114860535
10,26,0.5829429030418396
26,24,0.5813879370689392
20,29,0.580845057964325
20,13,0.5806754231452942
20,25,0.5797933340072632
25,26,0.5797876715660095
30,27,0.5792335271835327
21,23,0.5755354166030884
28,5,0.575360119342804
24,18,0.5752527117729187
21,3,0.5741613507270813
30,6,0.5738334059715271
17,26,0.5724762678146362
25,2,0.571362316608429
28,23,0.5712605714797974
32,30,0.571158766746521
11,21,0.5710569620132446
10,32,0.5703218579292297
28,14,0.5701918601989746
8,10,0.5693662762641907
17,29,0.5685293674468994
13,29,0.5681166052818298
30,2,0.5677773356437683
24,21,0.5652666687965393
28,1,0.5646446943283081
32,2,0.5644410848617554
15,15,0.5642997622489929
22,32,0.5629313588142395
8,29,0.5628973841667175
16,19,0.5621510148048401
11,25,0.5614611506462097
22,13,0.5613876581192017
6,28,0.5601775646209717
31,19,0.5599231123924255
19,21,0.5596403479576111
32,13,0.5595442652702332
16,12,0.5594537854194641
29,32,0.5592162609100342
19,28,0.5589392185211182
26,13,0.5584754943847656
17,22,0.5581588745117188
24,24,0.5576556324958801
8,31,0.5576329827308655
9,18,0.5575820803642273
29,16,0.5574407577514648
28,24,0.5569317936897278
8,7,0.5552127957344055
22,27,0.554890513420105
9,11,0.554489016532898
28,2,0.553165853023529
30,5,0.5531206130981445
29,10,0.5524929761886597
8,15,0.552470326423645
24,19,0.5506609082221985
21,21,0.5504347085952759
6,25,0.5498862266540527
28,32,0.5492811799049377
26,21,0.5491002202033997
11,28,0.5486308932304382
11,6,0.5485347509384155
19,20,0.5479240417480469
22,31,0.5478335618972778
28,26,0.5475056171417236
20,26,0.5467535853385925
15,3,0.5467422604560852
12,15,0.5461824536323547
29,20,0.5443843007087708
10,2,0.5440337061882019
28,7,0.5422072410583496
11,11,0.5421280860900879
11,2,0.5418849587440491
18,23,0.5418679714202881
19,30,0.5405787229537964
11,27,0.5400245785713196
24,5,0.539702296257019
27,30,0.539628803730011
20,22,0.5384978652000427
27,22,0.5383791327476501
8,13,0.5379323959350586
29,17,0.5368693470954895
13,4,0.5342795252799988
16,3,0.5333974361419678
27,19,0.5330525040626526
17,20,0.531118631362915
12,9,0.531011164188385
17,30,0.5299142003059387
7,24,0.529835045337677
23,21,0.5298123955726624
14,28,0.529541015625
18,27,0.5268154740333557
13,12,0.5264931917190552
19,24,0.5249268412590027
17,13,0.5249268412590027
26,22,0.5235810279846191
31,4,0.5230268836021423
28,21,0.5230156183242798
13,10,0.5214831829071045
12,4,0.5213871002197266
17,23,0.5210986733436584
8,11,0.5210873484611511
28,22,0.5210138559341431
18,30,0.5194758176803589
26,7,0.5187293887138367
20,2,0.518463671207428
27,23,0.5183053016662598
31,16,0.5182035565376282
21,27,0.5179207921028137
32,9,0.5174458026885986
18,31,0.5166881084442139
26,6,0.5162696838378906
31,23,0.5151669979095459
28,27,0.5148729681968689
9,14,0.5148617029190063
31,12,0.5143867135047913
31,6,0.5141322612762451
31,7,0.5138721466064453
24,9,0.5133405923843384
29,8,0.5131143927574158
23,22,0.5120570063591003
17,21,0.509331464767456
15,7,0.5090826749801636
21,22,0.5082288384437561
15,5,0.5077142715454102
26,16,0.5072279572486877
13,19,0.5055089592933655
14,8,0.5022180080413818
10,30,0.5002841353416443
12,28,0.4986499547958374
32,24,0.4975416660308838
30,23,0.4973267912864685
17,8,0.49669912457466125
18,24,0.4953872561454773
16,23,0.49454474449157715
11,20,0.49444860219955444
20,28,0.49289360642433167
29,31,0.49245819449424744
11,10,0.49224331974983215
19,25,0.491383820772171
24,2,0.49002671241760254
19,26,0.4899871349334717
10,21,0.48960262537002563
30,13,0.489201158285141
7,23,0.4865265190601349
30,21,0.48648127913475037
29,24,0.48641908168792725
25,1,0.4861137568950653
32,5,0.48493194580078125
22,30,0.4849036633968353
8,8,0.4836539924144745
13,15,0.48146000504493713
26,32,0.48140913248062134
25,20,0.4804817736148834
11,26,0.4804534912109375
23,13,0.4803743362426758
12,1,0.4795261323451996
19,3,0.4794583022594452
23,17,0.47901156544685364
15,8,0.4781351089477539
25,17,0.47752442955970764
8,5,0.47660836577415466
28,13,0.4760598838329315
16,16,0.4714740216732025
14,30,0.47125348448753357
28,30,0.47028088569641113
28,12,0.46918389201164246
29,21,0.46907082200050354
7,21,0.46750450134277344
16,31,0.466633677482605
30,19,0.46640750765800476
30,7,0.4656215012073517
13,2,0.46469417214393616
12,25,0.4634953737258911
11,3,0.4628959894180298
13,20,0.46260762214660645
18,10,0.46052107214927673
8,9,0.4600687026977539
25,15,0.4582762122154236
8,30,0.4571000337600708
20,23,0.4558277726173401
19,23,0.4550757110118866
29,23,0.45348677039146423
21,24,0.4534584879875183
14,21,0.4527064263820648
20,4,0.45210137963294983
25,3,0.4517168700695038
31,5,0.4502297043800354
25,4,0.4501675069332123
13,14,0.44986218214035034
11,4,0.44940415024757385
15,23,0.4484315514564514
22,14,0.44796222448349
26,31,0.4475155174732208
23,10,0.4454346299171448
15,6,0.4454006850719452
20,6,0.4449709355831146
13,17,0.4446316659450531
11,1,0.44397008419036865
28,17,0.4417930841445923
15,13,0.44046422839164734
31,14,0.4398026466369629
13,16,0.4394407570362091
32,18,0.4390788674354553
27,13,0.43432900309562683
26,28,0.4325873851776123
9,13,0.4318692684173584
28,16,0.43137165904045105
16,21,0.4299636781215668
6,27,0.4291776716709137
25,32,0.42905327677726746
18,32,0.4271194040775299
15,30,0.42650306224823
16,15,0.4260733127593994
29,19,0.4259771704673767
13,13,0.42588672041893005
14,10,0.4247840642929077
6,31,0.42298591136932373
9,19,0.42260703444480896
12,11,0.4205318093299866
28,4,0.41940656304359436
10,12,0.41899943351745605
26,18,0.4180833697319031
14,24,0.4154709577560425
13,22,0.4139498770236969
15,16,0.41315823793411255
24,26,0.41118478775024414
29,18,0.41039878129959106
17,17,0.4100934565067291
29,2,0.40982767939567566
14,31,0.40978243947029114
17,27,0.40542274713516235
19,8,0.404337078332901
27,6,0.4041900634765625
16,27,0.4031665623188019
27,20,0.40287819504737854
14,5,0.40102913975715637
30,22,0.40005654096603394
25,19,0.3992309868335724
27,9,0.3987107574939728
23,9,0.39594566822052
24,31,0.3948882520198822
18,21,0.3937912583351135
14,23,0.3936103284358978
11,12,0.3920044004917145
18,13,0.38836851716041565
19,17,0.3858295977115631
8,22,0.384970098733902
13,1,0.38399186730384827
19,27,0.38184311985969543
28,28,0.3796491324901581
19,2,0.37812238931655884
31,2,0.37696319818496704
32,6,0.37429988384246826
12,3,0.37328770756721497
28,6,0.36765575408935547
13,18,0.36632126569747925
21,18,0.36567097902297974
18,22,0.3653317093849182
10,10,0.3642742931842804
11,14,0.36362403631210327
20,5,0.3623800277709961
23,19,0.3597167134284973
9,23,0.3585631549358368
26,20,0.35781675577163696
29,3,0.3576471209526062
20,7,0.3572852313518524
22,26,0.3566010296344757
12,8,0.3559677004814148
15,18,0.35263150930404663
27,18,0.3506411015987396
12,27,0.3498946726322174
10,11,0.3490351736545563
10,29,0.3476441502571106
26,30,0.34747451543807983
15,14,0.3469712734222412
25,30,0.3469429910182953
9,27,0.34589123725891113
25,10,0.34206873178482056
9,1,0.3418481945991516
21,17,0.3389756679534912
9,20,0.33829712867736816
25,16,0.3377825617790222
29,25,0.33557724952697754
9,5,0.33469516038894653
16,25,0.33462730050086975
13,32,0.33451420068740845
27,14,0.3342088460922241
13,8,0.3322014808654785
27,12,0.33216190338134766
7,22,0.331743448972702
11,8,0.32999616861343384
6,26,0.32858818769454956
14,32,0.3281923830509186
18,9,0.32765519618988037
9,3,0.3268691897392273
30,8,0.3253820240497589
27,17,0.3199027478694916
7,6,0.31985750794410706
8,27,0.3196709156036377
19,29,0.3194277584552765
7,9,0.31790101528167725
27,4,0.31712067127227783
7,2,0.3158992826938629
13,5,0.31520941853523254
23,15,0.31333211064338684
8,4,0.31152263283729553
18,20,0.3100128769874573
12,14,0.3095548450946808
10,8,0.30893850326538086
14,6,0.30827125906944275
10,31,0.3078697621822357
32,20,0.30691981315612793
25,7,0.30616775155067444
22,25,0.3053082525730133
9,12,0.3045109510421753
30,10,0.3030746877193451
8,6,0.30245834589004517
32,29,0.302407443523407
32,16,0.3013104498386383
26,14,0.2985679805278778
11,5,0.2979855537414551
14,7,0.29746532440185547
31,28,0.2960233986377716
25,14,0.2955823540687561
25,11,0.29298123717308044
6,10,0.2909851670265198
29,1,0.2879599630832672
21,9,0.28624096512794495
12,23,0.2854606509208679
8,26,0.2834871709346771
21,10,0.2820735275745392
7,4,0.2811065912246704
17,19,0.2806825041770935
11,16,0.27936500310897827
20,20,0.2791614234447479
11,15,0.27915576100349426
30,11,0.27823972702026367
29,4,0.2777308225631714
19,1,0.27398747205734253
22,19,0.2694694697856903
11,7,0.26922065019607544
32,7,0.2661106288433075
6,32,0.26596927642822266
8,3,0.2640184462070465
13,7,0.26349255442619324
32,32,0.26347559690475464
28,20,0.2634020745754242
8,24,0.2628931701183319
15,29,0.26254257559776306
1,27,0.2624238431453705
9,7,0.26193755865097046
20,18,0.261168509721756
6,6,0.25993016362190247
16,13,0.2594212591648102
7,10,0.25655436515808105
26,17,0.2565147876739502
19,32,0.2554347813129425
7,8,0.2527092695236206
8,23,0.2522399127483368
20,17,0.251391738653183
23,31,0.25100722908973694
11,17,0.24989892542362213
10,1,0.24753530323505402
11,13,0.24593505263328552
9,10,0.2444535493850708
9,31,0.24444790184497833
21,11,0.24385982751846313
23,29,0.24289853870868683
15,19,0.24274586141109467
9,29,0.2411399632692337
30,12,0.23879331350326538
21,19,0.2385445088148117
7,1,0.23750406503677368
15,31,0.236961230635643
23,30,0.23676331341266632
9,8,0.2359660118818283
6,30,0.23262980580329895
21,32,0.23249410092830658
23,11,0.23215481638908386
6,29,0.2312331199645996
23,1,0.23096735775470734
7,19,0.2297007292509079
7,7,0.2288355827331543
9,25,0.22868290543556213
3,3,0.22832666337490082
7,12,0.22817398607730865
18,29,0.22712789475917816
28,9,0.22677165269851685
29,30,0.2251940220594406
21,4,0.22471338510513306
13,3,0.2242836356163025
32,1,0.2239556610584259
9,30,0.22391043603420258
25,8,0.2230396270751953
8,2,0.2218012660741806
19,31,0.2214902639389038
4,15,0.22122450172901154
32,4,0.21873082220554352
6,15,0.21865731477737427
20,8,0.2181144803762436
31,27,0.2165142297744751
9,32,0.21519671380519867
31,1,0.21312713623046875
23,27,0.2121884673833847
9,4,0.21210364997386932
31,24,0.2119453251361847
8,28,0.2087278515100479
15,32,0.20862042903900146
4,2,0.20803800225257874
32,17,0.20690707862377167
18,6,0.2064773291349411
32,31,0.20450954139232635
26,25,0.20434555411338806
21,30,0.20183491706848145
5,11,0.20074358582496643
16,14,0.20055697858333588
31,18,0.19883233308792114
27,1,0.1976165920495987
15,20,0.19737909734249115
8,25,0.19584670662879944
4,8,0.19460269808769226
22,10,0.1944669783115387
32,3,0.19412770867347717
14,29,0.19189414381980896
1,25,0.19183194637298584
16,22,0.19059358537197113
6,19,0.18882369995117188
32,19,0.1885579377412796
25,12,0.18621693551540375
20,19,0.184543177485466
7,15,0.183644101023674
9,16,0.1827506721019745
7,18,0.18180635571479797
28,11,0.18046621978282928
31,9,0.17932964861392975
6,5,0.17929571866989136
8,19,0.179109126329422
29,26,0.17818176746368408
5,26,0.17332448065280914
1,26,0.1719277948141098
23,32,0.17038974165916443
5,27,0.16700264811515808
8,21,0.16409052908420563
5,13,0.1621510088443756
9,6,0.16175518929958344
23,4,0.15935763716697693
22,29,0.15912014245986938
31,3,0.1578761339187622
13,6,0.15519586205482483
22,8,0.15478873252868652
18,17,0.15189923346042633
30,24,0.15180310606956482
6,13,0.15110759437084198
6,18,0.15064391493797302
2,32,0.1487383246421814
23,2,0.147856205701828
1,3,0.1473020613193512
5,14,0.14644820988178253
7,5,0.14528901875019073
22,12,0.14411287009716034
24,29,0.14347389340400696
27,11,0.14292539656162262
9,28,0.14218464493751526
30,4,0.1416531205177307
3,31,0.13988888263702393
4,16,0.1360550820827484
27,7,0.13521820306777954
6,4,0.13461315631866455
10,9,0.1325831562280655
7,29,0.13089244067668915
20,10,0.13060405850410461
1,18,0.13051357865333557
6,14,0.1298067569732666
5,9,0.12816692888736725
9,26,0.1277993768453598
7,11,0.12677589058876038
5,17,0.12622739374637604
4,14,0.1253678947687149
1,12,0.12513606250286102
27,5,0.12375068664550781
6,8,0.12337183207273483
2,29,0.12334921211004257
2,31,0.12326439470052719
25,13,0.12198080122470856
6,17,0.12167545408010483
6,7,0.121223084628582
1,28,0.12069155275821686
26,12,0.12040317058563232
6,2,0.11924397945404053
4,12,0.11814133822917938
22,1,0.11742886155843735
21,29,0.11641103029251099
6,20,0.11567027866840363
29,27,0.11543279141187668
4,4,0.11257722228765488
22,20,0.10986867547035217
6,23,0.10808182507753372
21,13,0.10458728671073914
8,20,0.10424800962209702
22,7,0.10358642041683197
6,24,0.10324715077877045
4,7,0.1028965637087822
22,6,0.10209926962852478
5,12,0.10203706473112106
21,8,0.10198052227497101
1,17,0.10048205405473709
5,24,0.09998445212841034
6,3,0.09993921220302582
1,20,0.09656907618045807
17,18,0.09370220452547073
6,21,0.09125376492738724
21,16,0.09117460250854492
4,11,0.09097668528556824
1,22,0.08986273407936096
7,13,0.0893820971250534
21,6,0.08805326372385025
20,9,0.08723334968090057
20,12,0.0864134356379509
3,12,0.08626075834035873
20,11,0.08535037189722061
5,22,0.08263617008924484
27,10,0.08058920502662659
21,5,0.07788065820932388
27,8,0.07746787369251251
7,25,0.07706639915704727
1,19,0.07669319957494736
8,1,0.07456141710281372
4,28,0.07324954867362976
2,23,0.07117431610822678
24,15,0.07095944136381149
24,30,0.06978894025087357
5,19,0.06887289881706238
7,32,0.06845445930957794
4,5,0.06809821724891663
4,6,0.06765151023864746
4,26,0.06755538284778595
2,4,0.06695599108934402
2,30,0.06557061523199081
26,27,0.06542360037565231
7,26,0.06455279141664505
31,26,0.06382900476455688
8,18,0.061239201575517654
15,17,0.06032316014170647
1,4,0.060108285397291183
2,22,0.060080014169216156
3,4,0.059983883053064346
3,30,0.0586211271584034
4,10,0.05658547580242157
2,12,0.05601436272263527
4,3,0.055120937526226044
4,31,0.05342455953359604
22,17,0.0521409697830677
21,12,0.0511457622051239
1,15,0.050376735627651215
4,22,0.04920058324933052
1,21,0.04644114151597023
5,21,0.04303142428398132
6,11,0.042030561715364456
6,22,0.04175348952412605
6,16,0.04005711153149605
18,19,0.04000622034072876
2,21,0.038649119436740875
5,23,0.03644382953643799
4,25,0.03523940220475197
7,17,0.03497929126024246
4,32,0.03401235491037369
7,14,0.03275703638792038
31,25,0.03238948807120323
6,1,0.03184664621949196
22,4,0.031631771475076675
21,15,0.02963004820048809
4,13,0.029426483437418938
31,8,0.029149407520890236
5,7,0.027402140200138092
7,3,0.026276877149939537
3,23,0.02583581954240799
4,9,0.025078104808926582
7,31,0.022431755438447
8,17,0.02219991758465767
22,5,0.02022646553814411
1,30,0.01935000531375408
27,15,0.018388723954558372
24,13,0.016511401161551476
1,10,0.014436166733503342
3,29,0.014153437688946724
5,16,0.013582323677837849
7,16,0.010121715255081654
5,20,0.007464058231562376
5,2,0.006457541137933731
2,1,0.006327485665678978
5,32,0.005818572361022234
5,31,0.004602835979312658
19,4,0.004461470991373062
1,31,0.00022618357616011053
2,13,-0.002414509654045105
3,26,-0.0028159855864942074
5,8,-0.0034323357976973057
2,5,-0.0070682368241250515
1,11,-0.007271802052855492
1,9,-0.008159572258591652
23,25,-0.00836313795298338
3,9,-0.009544947184622288
5,30,-0.010376171208918095
23,26,-0.011173469014465809
7,30,-0.011959456838667393
3,13,-0.012587116099894047
21,14,-0.014226946979761124
6,9,-0.014385275542736053
2,14,-0.015770649537444115
23,3,-0.018507471308112144
5,6,-0.019672317430377007
6,12,-0.02063925191760063
22,18,-0.02173624187707901
2,8,-0.021775823086500168
2,6,-0.021838024258613586
5,1,-0.02252788469195366
5,15,-0.02352309226989746
7,27,-0.02638431452214718
7,20,-0.030704420059919357
4,1,-0.03099280409514904
5,25,-0.03201628476381302
3,27,-0.03391057252883911
23,5,-0.03393319249153137
24,32,-0.03464566916227341
4,24,-0.0352337472140789
25,6,-0.035318564623594284
21,7,-0.0371110700070858
16,24,-0.03777831047773361
5,28,-0.03784051164984703
23,7,-0.03799884021282196
3,1,-0.03821936994791031
3,18,-0.03831549733877182
3,25,-0.03949165344238281
3,22,-0.042126692831516266
3,17,-0.043297190219163895
3,24,-0.04384003207087517
4,18,-0.045400697737932205
7,28,-0.04590960964560509
21,31,-0.047894373536109924
3,28,-0.05219186097383499
2,24,-0.05222013220191002
5,3,-0.05223144218325615
9,2,-0.054804280400276184
4,19,-0.057213135063648224
3,15,-0.057869069278240204
23,8,-0.06378376483917236
1,16,-0.064496248960495
4,30,-0.0670408084988594
5,4,-0.06852796673774719
3,14,-0.0686071366071701
2,10,-0.07182459533214569
4,21,-0.07586762309074402
2,3,-0.07601464539766312
24,16,-0.07725299894809723
1,2,-0.08010856807231903
2,7,-0.08199154585599899
2,17,-0.08237605541944504
1,1,-0.08296413719654083
1,5,-0.08327513933181763
3,10,-0.08408374339342117
5,10,-0.08645302057266235
27,2,-0.08852825313806534
2,2,-0.09059783071279526
22,9,-0.09084098041057587
5,29,-0.09248080849647522
1,32,-0.09288793802261353
2,9,-0.09650122374296188
1,23,-0.09712322801351547
3,16,-0.09758125245571136
1,7,-0.09961124509572983
23,28,-0.1039087325334549
3,32,-0.10679823160171509
2,18,-0.10847198963165283
23,6,-0.1101740226149559
1,29,-0.11173468828201294
3,8,-0.1189216673374176
3,11,-0.11985467374324799
3,5,-0.12174330651760101
4,29,-0.12200342118740082
1,24,-0.12479113042354584
1,8,-0.12801425158977509
2,11,-0.1300046592950821
3,19,-0.13044007122516632
5,5,-0.13218733668327332
4,27,-0.138718381524086
5,18,-0.13962312042713165
1,13,-0.14173229038715363
24,14,-0.1442033350467682
1,6,-0.14759044349193573
1,14,-0.16453158855438232
2,16,-0.16614879667758942
3,20,-0.16692347824573517
3,6,-0.16854634881019592
4,23,-0.1697111874818802
4,20,-0.1737881451845169
3,21,-0.17774070799350739
3,7,-0.18376849591732025
22,3,-0.18830348551273346
22,2,-0.18934392929077148
4,17,-0.1929798275232315
2,27,-0.19353963434696198
2,15,-0.20761390030384064
2,28,-0.2102489471435547
2,25,-0.21464255452156067
2,19,-0.2213432490825653
3,2,-0.22773858904838562
2,20,-0.23006261885166168
2,26,-0.2522851526737213
22,11,-0.2999250888824463
