source_score,head_mode,topic,alpha,n_generations,dw_pred_mean,cfs_pred_mean,bt_pred_mean,dw_pred_std,cfs_pred_std,bt_pred_std
dw,topk,immigration,-20.0,5,-47.50459748506546,-24.863226578800994,-28.02010462200269,0.09049889334807745,0.18543352106628277,0.11222102499101287
dw,topk,immigration,-10.0,5,-24.51839044392109,-14.939322992923726,-15.600079233944417,0.13215572155154484,0.21386848250889184,0.13997887653604482
dw,topk,immigration,0.0,5,-0.16215142381843178,-1.1651347007520276,-0.7450973983155563,0.1350490889650702,0.20745822774286535,0.28030739784705694
dw,topk,immigration,10.0,5,25.04834232032299,15.596163773679123,16.23816444341792,0.29249455002772295,0.593077059861806,0.8534510530587455
dw,topk,immigration,20.0,5,47.94424454569817,25.11254326607758,28.246839541557712,0.17420684520432567,0.31642097524468366,0.3038376779350826
dw,topk,abortion,-20.0,5,-47.42798291444778,-24.837523935647575,-27.846505150571467,0.11593844913637022,0.1491252997340178,0.1050732273585308
dw,topk,abortion,-10.0,5,-24.358592182397842,-14.831471999132024,-14.96702148001641,0.09578976062436728,0.44205543521821716,0.2990977137410878
dw,topk,abortion,0.0,5,-0.38180770745966586,-1.4290293752982772,-0.5545491970027797,0.12285151514301751,0.3750811902726027,0.32658889010868686
dw,topk,abortion,10.0,5,24.91496433019638,15.668468270960318,16.167310818424447,0.17183923007580018,0.1672020731823741,0.35216590521830754
dw,topk,abortion,20.0,5,48.21814721822739,25.729837704014365,28.976628168206663,0.17285994561509624,0.1520305192467705,0.24055969885991144
dw,topk,social media regulation,-20.0,5,-47.53289813399315,-25.321960514997517,-28.35587652933318,0.1601484345436776,0.277087256468858,0.20330447162906098
dw,topk,social media regulation,-10.0,5,-24.62399580180645,-15.193747802853915,-16.209661765024066,0.12330796881519368,0.2013349708432407,0.1773968035910991
dw,topk,social media regulation,0.0,5,0.05340327168814838,-0.26868731526877065,-0.6106149034807459,0.1682488359451825,0.3719388205603246,0.4678075764368051
dw,topk,social media regulation,10.0,5,25.309313493967057,15.870512300954365,16.504215532378293,0.17795943140429457,0.15718674600384172,0.36963935415105187
dw,topk,social media regulation,20.0,5,48.35211088657379,25.605527641048987,29.013300214102493,0.07604863613037183,0.5464363290801733,0.16485431315942534
dw,random,immigration,-20.0,5,-9.269145900988951,-4.39902686723234,-11.934175730240531,4.660340056543362,2.191865016322312,5.804971648298097
dw,random,immigration,-10.0,5,-5.509038840979338,-0.6140817798071488,-6.193438995734323,0.0017150000207367898,0.007485038405626243,0.005717572033636122
dw,random,immigration,0.0,5,-0.16215142381843178,-1.1651347007520276,-0.7450973983155563,0.1350490889650702,0.20745822774286535,0.28030739784705694
dw,random,immigration,10.0,5,5.837905307300389,4.338701137522346,5.083549043163657,0.0,0.0,0.0
dw,random,immigration,20.0,5,11.411302488297224,7.223612614184179,11.436548289377242,0.0,8.881784197001252e-16,0.0
dw,random,abortion,-20.0,5,-9.2745840894524,-4.395952550595736,-11.931752622243948,4.663059051839056,2.1903282952231575,5.803759590881514
dw,random,abortion,-10.0,5,-5.510823078639805,-0.5960436992949862,-6.193724525126163,0.0020323095778667804,0.00800808833314545,0.006923672889420668
dw,random,abortion,0.0,5,-0.38180770745966586,-1.4290293752982772,-0.5545491970027797,0.12285151514301751,0.3750811902726027,0.32658889010868686
dw,random,abortion,10.0,5,5.827335282228887,4.338889963174349,5.075723513960838,0.0,0.0,0.0
dw,random,abortion,20.0,5,11.403485989198089,7.221396000716178,11.427405294263735,0.0,0.0,0.0
dw,random,social media regulation,-20.0,5,-9.26649852679111,-4.386084372736514,-11.922471841913648,4.659016250158644,2.1853935523208317,5.79911901799019
dw,random,social media regulation,-10.0,5,-5.509602013044059,-0.607759687156581,-6.189403943729121,0.0015907806422057703,0.006865842694384585,0.005492073289527642
dw,random,social media regulation,0.0,5,0.05340327168814838,-0.26868731526877065,-0.6106149034807459,0.1682488359451825,0.3719388205603246,0.4678075764368051
dw,random,social media regulation,10.0,5,5.860477889887989,4.409416589354549,5.136088928207755,0.0,0.0,0.0
dw,random,social media regulation,20.0,5,11.407676722854376,7.227583981820328,11.433750555152074,0.0,0.0,0.0
cfs,topk,immigration,-20.0,5,-21.94716590405442,-406.0650099158287,-80.63581304770196,0.033560171817876815,0.12035368479276777,0.06165883812337051
cfs,topk,immigration,-10.0,5,-10.166387949674391,-201.89773901876282,-38.534683967812455,0.052556326892545614,0.3472355715520844,0.15612159932628755
cfs,topk,immigration,0.0,5,-0.16215142381843178,-1.1651347007520276,-0.7450973983155563,0.1350490889650702,0.20745822774286535,0.28030739784705694
cfs,topk,immigration,10.0,5,10.155991228693164,199.97908257807006,36.61502474223962,0.047516876885949744,0.44178038424770427,0.20924630877556455
cfs,topk,immigration,20.0,5,21.30871662995778,401.29749515898095,75.39035627313424,0.05948406354745147,0.09920691090965918,0.11365431877258265
cfs,topk,abortion,-20.0,5,-21.921284013893455,-406.0815210510703,-80.59623005569446,0.027801583144230688,0.24732770895882816,0.14752475091340245
cfs,topk,abortion,-10.0,5,-10.115415471605957,-202.15943038919394,-38.58023139084689,0.047453163925450445,0.2862509410933325,0.1560145277055189
cfs,topk,abortion,0.0,5,-0.38180770745966586,-1.4290293752982772,-0.5545491970027797,0.12285151514301751,0.3750811902726027,0.32658889010868686
cfs,topk,abortion,10.0,5,10.062714788340964,199.73550417388188,36.51625001396751,0.08543437462601057,0.14013616778341173,0.0912644144676209
cfs,topk,abortion,20.0,5,21.29592100591399,401.40328951162456,75.34379596069921,0.07435132455509184,0.07565470319902878,0.03954991018964616
cfs,topk,social media regulation,-20.0,5,-21.915557372150943,-406.2700251403977,-80.75287210635142,0.02702101810273788,0.11148251856678591,0.0442034465163386
cfs,topk,social media regulation,-10.0,5,-10.125644181319512,-202.1683114549693,-38.9325361297233,0.045810158682971024,0.3112143532970466,0.1053460821032515
cfs,topk,social media regulation,0.0,5,0.05340327168814838,-0.26868731526877065,-0.6106149034807459,0.1682488359451825,0.3719388205603246,0.4678075764368051
cfs,topk,social media regulation,10.0,5,10.136066428245977,199.63414431039027,36.57134929972235,0.08736794012037487,0.31058284280193665,0.14631396295733987
cfs,topk,social media regulation,20.0,5,21.2181726813782,400.8469012772336,75.19704757139553,0.1396233818377022,0.7218445753852764,0.43159260718538217
cfs,random,immigration,-20.0,5,0.31486094268038867,-5.328855295840871,-1.9192312877625226,0.0016339027696544448,0.004434471138402329,0.0017610064023506047
cfs,random,immigration,-10.0,5,0.37264638184569776,-4.901434305600603,-2.425155253056437,0.0026294283827950128,0.00612374886076831,0.006513597786135234
cfs,random,immigration,0.0,5,-0.16215142381843178,-1.1651347007520276,-0.7450973983155563,0.1350490889650702,0.20745822774286535,0.28030739784705694
cfs,random,immigration,10.0,5,-0.14107316471636294,6.488582749730524,0.9600016105920076,0.0035763967503390833,0.011376006666210485,0.006234085513356222
cfs,random,immigration,20.0,5,-0.19708753414452077,5.602457532346906,0.8401049077510834,0.0005164520431833772,0.0006550063160251972,0.0010726881655859276
cfs,random,abortion,-20.0,5,0.31315542533993723,-5.333025020941655,-1.9222572820261121,0.00046711064342855557,0.0032787772021344555,0.0016810323347307974
cfs,random,abortion,-10.0,5,0.36309411423280835,-4.855322477665237,-2.382986209820956,0.012555217458338564,0.09252760380461462,0.08993441278812164
cfs,random,abortion,0.0,5,-0.38180770745966586,-1.4290293752982772,-0.5545491970027797,0.12285151514301751,0.3750811902726027,0.32658889010868686
cfs,random,abortion,10.0,5,-0.144793694652617,6.487124024660273,0.9603398911654949,0.0023329551416265337,0.0065622182962761745,0.004736070946157686
cfs,random,abortion,20.0,5,-0.19851451106369494,5.601881159266786,0.8388109233230352,0.0010337845453128088,0.002913234358597833,0.0026423623043389543
cfs,random,social media regulation,-20.0,5,0.3143126253038645,-5.335119084411247,-1.9246679278090597,0.0008147863687918476,0.002984638095366826,0.002005349663389072
cfs,random,social media regulation,-10.0,5,0.3732428027316928,-4.926630745214576,-2.4540256883017717,0.0014456215991361784,0.005781566018784303,0.0035288310399873234
cfs,random,social media regulation,0.0,5,0.05340327168814838,-0.26868731526877065,-0.6106149034807459,0.1682488359451825,0.3719388205603246,0.4678075764368051
cfs,random,social media regulation,10.0,5,-0.13539285417646169,6.541759216544382,0.9839025426656007,0.0009398596476234077,0.0020613584236226666,0.003111131333220951
cfs,random,social media regulation,20.0,5,-0.197434888407588,5.611396256850703,0.8457072921097278,0.0016769659623254829,0.0033988017806144276,0.0016592055394957343
bt,topk,immigration,-20.0,5,-21.279959013033658,-50.38928578228087,-163.23271020054818,0.07703750284389795,0.06974741167676678,0.0963055688114115
bt,topk,immigration,-10.0,5,-11.202528955833987,-26.881930552844835,-82.90593285560608,0.08565827381630654,0.25548208550571305,0.2656257675502026
bt,topk,immigration,0.0,5,-0.16215142381843178,-1.1651347007520276,-0.7450973983155563,0.1350490889650702,0.20745822774286535,0.28030739784705694
bt,topk,immigration,10.0,5,11.701439866423607,25.824974896553357,83.24970801770687,0.22980158100425785,0.30797931308457044,0.49384366020007586
bt,topk,immigration,20.0,5,22.563104102481155,50.478275399205884,164.66174590587616,0.21395105605946346,0.47771469100432506,0.4802761054325954
bt,topk,abortion,-20.0,5,-21.362828093441202,-50.858797723986214,-163.32906033992768,0.06076931339093082,0.1624062480082738,0.19241207403868996
bt,topk,abortion,-10.0,5,-11.19373876475729,-27.444560419916012,-82.79557564556599,0.058594218220054124,0.3317734394721086,0.24892460791353496
bt,topk,abortion,0.0,5,-0.38180770745966586,-1.4290293752982772,-0.5545491970027797,0.12285151514301751,0.3750811902726027,0.32658889010868686
bt,topk,abortion,10.0,5,11.340926201455295,25.63484896586879,82.98906342685223,0.13730012734096156,0.2371453773350643,0.11630252603016984
bt,topk,abortion,20.0,5,22.59122680008877,50.75898833069129,164.7495266318321,0.29498899060150724,0.4359388249477241,0.4397934634232357
bt,topk,social media regulation,-20.0,5,-21.420133064314722,-50.7009086754173,-164.18911855816842,0.08960088629884652,0.2590790583031561,0.31901457056623983
bt,topk,social media regulation,-10.0,5,-11.305668631661684,-26.795193121724708,-83.74502898454666,0.1541211464521122,0.22912651424122696,0.4362999723203476
bt,topk,social media regulation,0.0,5,0.05340327168814838,-0.26868731526877065,-0.6106149034807459,0.1682488359451825,0.3719388205603246,0.4678075764368051
bt,topk,social media regulation,10.0,5,11.596536495629698,26.294106947192375,83.13026611506939,0.06989042311921351,0.3541784323038237,0.21805780866471583
bt,topk,social media regulation,20.0,5,22.39351512128487,50.44235889001695,164.42640514969827,0.174200811156855,0.2134970551976913,0.2941082925560272
bt,random,immigration,-20.0,5,1.13967292830348,3.2987540749011233,-3.6975692918291316,0.03316917036742888,0.009551366283478009,0.05557493511187361
bt,random,immigration,-10.0,5,0.2501777920871973,0.2034201835556066,-4.0804009501356635,0.015112465366804845,0.051583217647525166,0.17953574804313185
bt,random,immigration,0.0,5,-0.16215142381843178,-1.1651347007520276,-0.7450973983155563,0.1350490889650702,0.20745822774286535,0.28030739784705694
bt,random,immigration,10.0,5,0.2439690756611526,-0.3894335812560338,1.910614291811362,0.00524230555710243,0.024735591594561183,0.007576584012474823
bt,random,immigration,20.0,5,-0.25641688527539375,-2.160841779931284,1.9456763518974185,0.002014028133806642,0.004297722467962793,0.004405586799304455
bt,random,abortion,-20.0,5,1.1130706444382668,3.3112095747964787,-3.6535673688631505,0.03592298444413324,0.008260279924213106,0.06815457537883178
bt,random,abortion,-10.0,5,0.2443677619099617,0.1947962222511278,-4.10643476548139,0.012110495504810947,0.046603676852773626,0.17601897672033948
bt,random,abortion,0.0,5,-0.38180770745966586,-1.4290293752982772,-0.5545491970027797,0.12285151514301751,0.3750811902726027,0.32658889010868686
bt,random,abortion,10.0,5,0.2370581769384444,-0.39099725158885124,1.911150388000533,0.004400939512339896,0.015483553090074013,0.01334759138130669
bt,random,abortion,20.0,5,-0.26079853866249325,-2.1703187624540403,1.9418431483209133,0.0016696034185770755,0.0035419602579683587,0.002269358720008624
bt,random,social media regulation,-20.0,5,1.150160352513194,3.33612445381963,-3.6914846713189036,0.02628078101544478,0.001908891599402419,0.05019129214032308
bt,random,social media regulation,-10.0,5,0.26186957424506546,0.2250705345369437,-4.156463756435551,0.016189464882975416,0.04917907491824611,0.15022468973517958
bt,random,social media regulation,0.0,5,0.05340327168814838,-0.26868731526877065,-0.6106149034807459,0.1682488359451825,0.3719388205603246,0.4678075764368051
bt,random,social media regulation,10.0,5,0.256387834250927,-0.39347711926983564,1.9327032251749188,0.005118119160286798,0.019381047684760885,0.00800294026191342
bt,random,social media regulation,20.0,5,-0.264142781868577,-2.179353970880894,1.9470063673332334,0.001614799537153103,0.007986802245527901,0.0037989425790403947
